Date,Volume,Open
1/1/21,"$18,166,112,098 ",$738.62 
12/31/20,"$13,293,869,467 ",$752.86 
12/30/20,"$17,170,428,248 ",$735.59 
12/29/20,"$22,707,049,400 ",$732.96 
12/28/20,"$24,721,301,580 ",$689.66 
12/27/20,"$14,640,527,408 ",$636.74 
12/26/20,"$13,125,875,206 ",$626.46 
12/25/20,"$15,132,872,520 ",$612.88 
12/24/20,"$16,795,838,162 ",$587.96 
12/23/20,"$11,548,425,749 ",$634.98 
12/22/20,"$14,563,648,896 ",$610.43 
12/21/20,"$12,845,420,666 ",$639.52 
12/20/20,"$14,703,775,003 ",$659.32 
12/19/20,"$16,512,361,339 ",$654.42 
12/18/20,"$19,729,196,034 ",$644.07 
12/17/20,"$14,781,462,845 ",$635.96 
12/16/20,"$10,160,486,193 ",$589.07 
12/15/20,"$7,794,572,085 ",$585.54 
12/14/20,"$9,082,894,202 ",$590.32 
12/13/20,"$9,511,330,148 ",$568.36 
12/12/20,"$11,334,198,381 ",$545.98 
12/11/20,"$11,590,043,392 ",$560.45 
12/10/20,"$14,024,278,560 ",$573.90 
12/9/20,"$13,501,656,448 ",$554.33 
12/8/20,"$10,010,900,863 ",$592.39 
12/7/20,"$11,453,823,478 ",$601.97 
12/6/20,"$11,764,206,189 ",$595.92 
12/5/20,"$14,326,184,164 ",$571.19 
12/4/20,"$12,249,197,831 ",$616.51 
12/3/20,"$14,839,044,995 ",$598.76 
12/2/20,"$23,557,071,520 ",$589.58 
12/1/20,"$18,811,269,167 ",$612.26 
11/30/20,"$13,623,124,682 ",$574.75 
11/29/20,"$9,637,463,880 ",$537.39 
11/28/20,"$14,714,678,172 ",$517.55 
11/27/20,"$25,993,581,649 ",$518.47 
11/26/20,"$15,178,975,819 ",$568.28 
11/25/20,"$19,964,356,486 ",$602.67 
11/24/20,"$22,868,894,446 ",$608.27 
11/23/20,"$20,803,203,331 ",$560.51 
11/22/20,"$17,270,632,325 ",$548.84 
11/21/20,"$15,567,496,837 ",$508.79 
11/20/20,"$10,960,245,344 ",$471.32 
11/19/20,"$15,390,748,757 ",$479.44 
11/18/20,"$12,534,266,982 ",$482.20 
11/17/20,"$9,874,800,384 ",$461.37 
11/16/20,"$8,946,780,761 ",$449.21 
11/15/20,"$9,774,490,046 ",$462.72 
11/14/20,"$10,814,357,418 ",$475.97 
11/13/20,"$11,096,201,853 ",$462.21 
11/12/20,"$11,456,937,854 ",$463.18 
11/11/20,"$7,873,172,433 ",$449.82 
11/10/20,"$12,036,099,592 ",$445.05 
11/9/20,"$11,155,033,976 ",$455.36 
11/8/20,"$15,146,746,572 ",$435.42 
11/7/20,"$16,264,349,017 ",$454.65 
11/6/20,"$13,606,373,471 ",$415.93 
11/5/20,"$11,648,560,618 ",$401.73 
11/4/20,"$9,513,314,551 ",$387.62 
11/3/20,"$8,492,071,098 ",$383.85 
11/2/20,"$8,655,139,278 ",$394.94 
11/1/20,"$9,009,356,074 ",$385.84 
10/31/20,"$10,598,788,555 ",$382.90 
10/30/20,"$10,294,153,383 ",$386.45 
10/29/20,"$11,312,414,333 ",$388.88 
10/28/20,"$10,384,433,737 ",$403.53 
10/27/20,"$14,982,520,071 ",$393.38 
10/26/20,"$8,489,563,012 ",$406.16 
10/25/20,"$9,333,976,948 ",$411.96 
10/24/20,"$11,171,063,369 ",$408.89 
10/23/20,"$12,229,478,489 ",$413.20 
10/22/20,"$12,728,437,764 ",$391.17 
10/21/20,"$7,492,023,939 ",$368.23 
10/20/20,"$8,995,049,005 ",$379.64 
10/19/20,"$7,527,761,590 ",$378.05 
10/18/20,"$8,087,278,469 ",$368.65 
10/17/20,"$9,375,570,544 ",$365.99 
10/16/20,"$10,155,629,419 ",$377.16 
10/15/20,"$10,673,398,920 ",$379.21 
10/14/20,"$9,741,612,768 ",$381.17 
10/13/20,"$12,458,841,249 ",$387.26 
10/12/20,"$8,000,631,028 ",$374.50 
10/11/20,"$10,673,988,208 ",$370.47 
10/10/20,"$11,301,702,589 ",$365.34 
10/9/20,"$9,330,978,624 ",$350.06 
10/8/20,"$8,044,228,156 ",$341.44 
10/7/20,"$10,280,978,397 ",$340.62 
10/6/20,"$9,285,381,015 ",$353.60 
10/5/20,"$8,905,022,839 ",$352.46 
10/4/20,"$8,933,121,301 ",$345.99 
10/3/20,"$12,194,440,258 ",$345.91 
10/2/20,"$11,835,729,248 ",$353.20 
10/1/20,"$8,037,484,325 ",$359.60 
9/30/20,"$9,708,794,839 ",$359.43 
9/29/20,"$9,818,467,157 ",$354.43 
9/28/20,"$9,973,839,925 ",$357.07 
9/27/20,"$10,859,942,552 ",$354.26 
9/26/20,"$10,740,036,294 ",$351.33 
9/25/20,"$12,209,550,797 ",$348.82 
9/24/20,"$9,839,917,613 ",$321.08 
9/23/20,"$11,967,106,211 ",$343.92 
9/22/20,"$14,837,815,990 ",$341.28 
9/21/20,"$11,369,621,273 ",$370.97 
9/20/20,"$11,046,298,234 ",$385.47 
9/19/20,"$9,883,257,471 ",$383.17 
9/18/20,"$16,748,693,290 ",$388.80 
9/17/20,"$13,298,202,038 ",$365.13 
9/16/20,"$12,209,389,923 ",$364.69 
9/15/20,"$14,124,838,468 ",$376.39 
9/14/20,"$13,172,306,579 ",$365.70 
9/13/20,"$11,465,259,433 ",$387.72 
9/12/20,"$12,937,594,459 ",$373.91 
9/11/20,"$74,747,424,441 ",$367.64 
9/10/20,"$13,120,851,004 ",$351.23 
9/9/20,"$14,799,132,843 ",$337.85 
9/8/20,"$14,769,191,934 ",$351.88 
9/7/20,"$21,920,007,829 ",$352.99 
9/6/20,"$22,254,663,654 ",$334.47 
9/5/20,"$10,260,946,593 ",$387.90 
9/4/20,"$17,364,384,113 ",$383.69 
9/3/20,"$19,315,593,283 ",$439.35 
9/2/20,"$18,804,560,687 ",$475.68 
9/1/20,"$14,228,693,736 ",$435.69 
8/31/20,"$12,945,668,315 ",$428.30 
8/30/20,"$9,631,959,320 ",$399.37 
8/29/20,"$10,196,208,352 ",$395.14 
8/28/20,"$10,466,849,104 ",$381.84 
8/27/20,"$10,454,041,361 ",$385.75 
8/26/20,"$12,857,413,913 ",$383.66 
8/25/20,"$11,007,565,810 ",$408.27 
8/24/20,"$9,775,318,835 ",$390.79 
8/23/20,"$10,612,983,427 ",$395.89 
8/22/20,"$12,518,435,194 ",$386.82 
8/21/20,"$10,564,357,238 ",$416.47 
8/20/20,"$12,854,733,825 ",$406.57 
8/19/20,"$12,062,999,738 ",$422.11 
8/18/20,"$11,697,848,304 ",$430.03 
8/17/20,"$12,680,404,379 ",$433.43 
8/16/20,"$10,265,309,386 ",$432.65 
8/15/20,"$15,546,677,423 ",$438.76 
8/14/20,"$17,422,050,836 ",$427.49 
8/13/20,"$12,808,587,804 ",$387.50 
8/12/20,"$13,124,713,654 ",$379.17 
8/11/20,"$12,717,549,263 ",$395.21 
8/10/20,"$5,940,323,179 ",$389.62 
8/9/20,"$7,446,547,698 ",$391.48 
8/8/20,"$12,469,778,425 ",$379.14 
8/7/20,"$11,175,559,421 ",$394.54 
8/6/20,"$10,578,439,440 ",$400.18 
8/5/20,"$12,113,993,540 ",$389.38 
8/4/20,"$11,174,150,665 ",$386.25 
8/3/20,"$15,202,899,455 ",$370.73 
8/2/20,"$15,379,516,252 ",$387.94 
8/1/20,"$11,638,423,647 ",$346.00 
7/31/20,"$10,534,706,858 ",$334.74 
7/30/20,"$10,343,143,710 ",$317.54 
7/29/20,"$12,462,060,871 ",$316.41 
7/28/20,"$15,060,479,190 ",$320.48 
7/27/20,"$10,227,817,626 ",$310.52 
7/26/20,"$10,358,352,414 ",$305.04 
7/25/20,"$7,547,527,176 ",$279.43 
7/24/20,"$7,634,745,875 ",$274.72 
7/23/20,"$6,556,501,920 ",$263.76 
7/22/20,"$5,121,955,556 ",$245.23 
7/21/20,"$5,152,984,578 ",$236.06 
7/20/20,"$4,452,847,140 ",$238.90 
7/19/20,"$4,349,365,185 ",$235.68 
7/18/20,"$4,344,879,746 ",$232.78 
7/17/20,"$4,836,661,398 ",$233.84 
7/16/20,"$4,622,070,139 ",$238.66 
7/15/20,"$4,794,731,175 ",$240.25 
7/14/20,"$5,773,853,723 ",$239.64 
7/13/20,"$5,293,860,445 ",$241.77 
7/12/20,"$4,350,900,774 ",$239.10 
7/11/20,"$4,948,468,763 ",$240.95 
7/10/20,"$5,454,877,568 ",$241.98 
7/9/20,"$6,855,809,513 ",$246.86 
7/8/20,"$6,390,063,708 ",$238.96 
7/7/20,"$7,214,622,724 ",$241.53 
7/6/20,"$5,250,547,694 ",$227.90 
7/5/20,"$4,910,504,256 ",$229.09 
7/4/20,"$4,553,181,088 ",$225.18 
7/3/20,"$4,427,853,855 ",$226.57 
7/2/20,"$5,307,320,170 ",$230.66 
7/1/20,"$5,282,884,956 ",$225.59 
6/30/20,"$5,792,207,633 ",$228.21 
6/29/20,"$5,641,785,424 ",$225.12 
6/28/20,"$6,164,981,016 ",$221.03 
6/27/20,"$6,513,998,361 ",$229.64 
6/26/20,"$6,321,009,243 ",$232.65 
6/25/20,"$8,149,316,605 ",$234.56 
6/24/20,"$6,291,513,184 ",$243.08 
6/23/20,"$5,973,345,536 ",$243.36 
6/22/20,"$4,995,955,268 ",$227.79 
6/21/20,"$5,400,222,130 ",$228.87 
6/20/20,"$6,840,801,770 ",$228.96 
6/19/20,"$6,063,250,096 ",$231.68 
6/18/20,"$6,079,869,078 ",$233.86 
6/17/20,"$6,857,067,975 ",$235.29 
6/16/20,"$9,539,612,843 ",$231.02 
6/15/20,"$6,517,043,494 ",$232.11 
6/14/20,"$6,588,386,730 ",$238.29 
6/13/20,"$9,191,505,535 ",$237.59 
6/12/20,"$12,109,538,779 ",$232.00 
6/11/20,"$7,584,308,102 ",$247.54 
6/10/20,"$8,592,468,950 ",$243.85 
6/9/20,"$8,129,322,897 ",$246.21 
6/8/20,"$9,398,819,028 ",$244.23 
6/7/20,"$7,581,565,795 ",$242.02 
6/6/20,"$8,222,827,212 ",$240.25 
6/5/20,"$10,063,518,957 ",$243.71 
6/4/20,"$9,023,955,445 ",$244.13 
6/3/20,"$11,228,877,889 ",$237.27 
6/2/20,"$12,532,381,844 ",$248.04 
6/1/20,"$10,887,047,332 ",$232.33 
5/31/20,"$13,546,265,992 ",$242.71 
5/30/20,"$10,335,270,102 ",$220.49 
5/29/20,"$12,329,460,719 ",$219.59 
5/28/20,"$8,773,050,350 ",$207.85 
5/27/20,"$8,593,529,312 ",$200.96 
5/26/20,"$9,317,131,819 ",$203.81 
5/25/20,"$10,782,742,329 ",$200.69 
5/24/20,"$8,524,288,901 ",$206.41 
5/23/20,"$10,636,959,193 ",$206.23 
5/22/20,"$8,110,302,356 ",$198.92 
5/21/20,"$10,429,639,021 ",$209.92 
5/20/20,"$10,220,660,538 ",$213.69 
5/19/20,"$13,342,260,442 ",$214.36 
5/18/20,"$13,449,821,514 ",$206.77 
5/17/20,"$11,676,763,398 ",$200.58 
5/16/20,"$13,130,818,660 ",$194.27 
5/15/20,"$18,153,298,514 ",$203.21 
5/14/20,"$13,403,589,149 ",$199.37 
5/13/20,"$13,706,747,451 ",$189.31 
5/12/20,"$18,768,379,406 ",$185.67 
5/11/20,"$19,756,507,796 ",$188.14 
5/10/20,"$15,514,402,336 ",$210.43 
5/9/20,"$18,337,241,720 ",$211.69 
5/8/20,"$15,142,506,242 ",$212.29 
5/7/20,"$18,128,961,143 ",$200.25 
5/6/20,"$14,345,915,704 ",$205.23 
5/5/20,"$17,901,489,283 ",$206.83 
5/4/20,"$16,158,461,350 ",$210.02 
5/3/20,"$14,287,655,444 ",$213.94 
5/2/20,"$17,137,878,522 ",$211.97 
5/1/20,"$23,630,952,297 ",$205.56 
4/30/20,"$20,966,892,392 ",$215.55 
4/29/20,"$14,644,384,537 ",$197.15 
4/28/20,"$17,659,706,481 ",$196.46 
4/27/20,"$13,530,756,224 ",$197.23 
4/26/20,"$14,452,583,266 ",$194.11 
4/25/20,"$13,419,651,870 ",$187.34 
4/24/20,"$6,903,118,239 ",$184.59 
4/23/20,"$14,853,382,138 ",$182.28 
4/22/20,"$12,178,214,643 ",$170.45 
4/21/20,"$15,901,061,388 ",$170.70 
4/20/20,"$13,763,176,713 ",$180.06 
4/19/20,"$14,284,812,699 ",$187.14 
4/18/20,"$15,220,772,946 ",$170.45 
4/17/20,"$17,430,629,608 ",$171.78 
4/16/20,"$8,578,826,590 ",$153.22 
4/15/20,"$11,468,431,212 ",$158.27 
4/14/20,"$13,286,483,792 ",$156.70 
4/13/20,"$13,002,801,330 ",$158.86 
4/12/20,"$11,128,989,594 ",$158.33 
4/11/20,"$14,135,915,531 ",$157.74 
4/10/20,"$11,971,791,025 ",$170.10 
4/9/20,"$12,116,309,212 ",$172.80 
4/8/20,"$16,711,178,691 ",$164.52 
4/7/20,"$15,337,221,519 ",$169.86 
4/6/20,"$8,271,697,078 ",$142.85 
4/5/20,"$9,863,619,646 ",$144.20 
4/4/20,"$11,621,521,039 ",$141.26 
4/3/20,"$13,645,052,824 ",$141.45 
4/2/20,"$7,848,601,147 ",$136.22 
4/1/20,"$7,869,741,297 ",$133.24 
3/31/20,"$8,469,234,428 ",$132.36 
3/30/20,"$7,718,875,105 ",$125.32 
3/29/20,"$11,067,855,578 ",$131.42 
3/28/20,"$10,183,491,265 ",$130.29 
3/27/20,"$7,749,490,794 ",$138.77 
3/26/20,"$10,616,935,308 ",$136.23 
3/25/20,"$12,119,249,138 ",$138.78 
3/24/20,"$11,596,650,461 ",$135.59 
3/23/20,"$10,177,508,399 ",$122.52 
3/22/20,"$12,633,534,610 ",$131.94 
3/21/20,"$16,267,979,994 ",$131.96 
3/20/20,"$13,910,341,816 ",$136.81 
3/19/20,"$9,829,287,702 ",$117.70 
3/18/20,"$10,514,054,746 ",$117.22 
3/17/20,"$11,161,656,314 ",$110.99 
3/16/20,"$10,971,643,912 ",$124.60 
3/15/20,"$8,678,897,519 ",$123.03 
3/14/20,"$24,412,190,320 ",$132.57 
3/13/20,"$17,357,843,633 ",$110.60 
3/12/20,"$14,699,687,559 ",$194.22 
3/11/20,"$10,622,282,128 ",$200.75 
3/10/20,"$17,900,321,701 ",$200.85 
3/9/20,"$18,839,637,104 ",$198.82 
3/8/20,"$15,033,855,133 ",$237.38 
3/7/20,"$16,938,887,970 ",$244.24 
3/6/20,"$16,056,678,005 ",$228.08 
3/5/20,"$14,844,945,103 ",$224.13 
3/4/20,"$19,133,763,159 ",$223.96 
3/3/20,"$18,301,098,061 ",$231.68 
3/2/20,"$16,557,363,029 ",$218.94 
3/1/20,"$13,967,572,975 ",$218.35 
2/29/20,"$19,715,536,660 ",$227.71 
2/28/20,"$23,994,578,700 ",$225.43 
2/27/20,"$20,470,479,538 ",$224.81 
2/26/20,"$15,216,321,567 ",$248.32 
2/25/20,"$21,019,871,770 ",$265.24 
2/24/20,"$15,734,092,875 ",$274.63 
2/23/20,"$14,860,160,863 ",$261.00 
2/22/20,"$18,672,669,188 ",$265.16 
2/21/20,"$34,355,959,853 ",$257.99 
2/20/20,"$24,634,102,799 ",$259.18 
2/19/20,"$33,038,477,053 ",$281.95 
2/18/20,"$28,621,805,406 ",$267.94 
2/17/20,"$26,307,305,450 ",$262.16 
2/16/20,"$31,021,139,511 ",$263.90 
2/15/20,"$32,486,783,384 ",$284.23 
2/14/20,"$31,919,298,278 ",$267.67 
2/13/20,"$25,083,848,406 ",$264.03 
2/12/20,"$17,260,236,148 ",$236.79 
2/11/20,"$40,180,881,297 ",$224.15 
2/10/20,"$37,065,973,225 ",$228.29 
2/9/20,"$35,852,075,949 ",$223.30 
2/8/20,"$34,073,387,341 ",$223.28 
2/7/20,"$30,730,370,696 ",$212.73 
2/6/20,"$27,708,721,578 ",$203.86 
2/5/20,"$21,734,656,894 ",$188.84 
2/4/20,"$23,519,056,716 ",$189.86 
2/3/20,"$21,543,158,277 ",$188.55 
2/2/20,"$19,083,817,630 ",$183.34 
2/1/20,"$18,506,953,477 ",$179.23 
1/31/20,"$18,170,945,326 ",$184.73 
1/30/20,"$15,565,369,995 ",$173.71 
1/29/20,"$14,300,512,538 ",$175.19 
1/28/20,"$12,435,457,693 ",$169.74 
1/27/20,"$10,518,901,915 ",$167.65 
1/26/20,"$8,673,816,085 ",$160.67 
1/25/20,"$11,043,498,595 ",$162.41 
1/24/20,"$9,017,537,604 ",$162.52 
1/23/20,"$8,809,189,829 ",$167.83 
1/22/20,"$8,267,420,453 ",$169.28 
1/21/20,"$10,983,216,126 ",$166.94 
1/20/20,"$14,003,433,869 ",$166.63 
1/19/20,"$15,808,136,411 ",$174.24 
1/18/20,"$15,915,322,020 ",$171.16 
1/17/20,"$14,605,493,159 ",$163.81 
1/16/20,"$17,862,385,532 ",$166.25 
1/15/20,"$18,970,204,899 ",$165.99 
1/14/20,"$8,019,794,567 ",$143.59 
1/13/20,"$8,488,793,478 ",$145.42 
1/12/20,"$9,737,605,323 ",$142.18 
1/11/20,"$10,273,370,788 ",$144.60 
1/10/20,"$7,280,640,218 ",$137.86 
1/9/20,"$10,095,847,759 ",$140.27 
1/8/20,"$9,440,938,788 ",$143.02 
1/7/20,"$9,514,201,882 ",$143.81 
1/6/20,"$7,260,645,128 ",$135.01 
1/5/20,"$6,958,393,690 ",$134.14 
1/4/20,"$9,655,245,100 ",$133.70 
1/3/20,"$6,497,297,884 ",$127.05 
1/2/20,"$6,623,732,041 ",$130.48 
1/1/20,"$7,103,187,151 ",$129.19 
12/31/19,"$8,424,570,388 ",$131.46 
12/30/19,"$6,514,129,764 ",$134.32 
12/29/19,"$6,709,535,782 ",$128.07 
12/28/19,"$7,290,590,723 ",$126.33 
12/27/19,"$7,594,710,628 ",$125.61 
12/26/19,"$6,446,543,348 ",$125.02 
12/25/19,"$7,694,981,360 ",$127.73 
12/24/19,"$8,703,094,374 ",$128.17 
12/23/19,"$7,466,406,124 ",$132.18 
12/22/19,"$4,862,554,351 ",$126.93 
12/21/19,"$5,979,828,258 ",$128.27 
12/20/19,"$7,865,020,994 ",$128.08 
12/19/19,"$11,532,439,096 ",$132.74 
12/18/19,"$9,871,891,691 ",$121.77 
12/17/19,"$8,956,132,140 ",$132.72 
12/16/19,"$6,837,194,966 ",$142.21 
12/15/19,"$6,322,939,248 ",$141.84 
12/14/19,"$5,946,736,085 ",$144.62 
12/13/19,"$6,766,489,317 ",$145.03 
12/12/19,"$5,883,082,277 ",$143.12 
12/11/19,"$6,047,605,227 ",$145.57 
12/10/19,"$5,789,441,264 ",$147.43 
12/9/19,"$6,027,777,721 ",$150.29 
12/8/19,"$4,749,924,969 ",$147.15 
12/7/19,"$5,806,189,343 ",$148.61 
12/6/19,"$6,421,963,684 ",$147.80 
12/5/19,"$7,074,240,396 ",$145.40 
12/4/19,"$5,245,524,512 ",$147.13 
12/3/19,"$5,011,809,194 ",$148.87 
12/2/19,"$6,544,172,474 ",$151.02 
12/1/19,"$5,436,245,311 ",$151.74 
11/30/19,"$7,145,810,322 ",$154.26 
11/29/19,"$6,528,542,635 ",$150.91 
11/28/19,"$8,634,745,625 ",$152.62 
11/27/19,"$7,520,914,600 ",$147.58 
11/26/19,"$9,382,188,065 ",$146.35 
11/25/19,"$7,849,310,718 ",$140.25 
11/24/19,"$7,399,048,991 ",$151.97 
11/23/19,"$12,883,154,422 ",$149.93 
11/22/19,"$8,718,872,247 ",$161.15 
11/21/19,"$6,713,792,277 ",$174.80 
11/20/19,"$7,790,094,394 ",$175.82 
11/19/19,"$8,026,165,760 ",$178.39 
11/18/19,"$6,738,152,839 ",$183.99 
11/17/19,"$7,196,313,425 ",$182.63 
11/16/19,"$9,104,427,565 ",$180.17 
11/15/19,"$8,007,041,887 ",$184.79 
11/14/19,"$7,174,004,374 ",$187.84 
11/13/19,"$7,224,692,515 ",$186.87 
11/12/19,"$8,436,450,179 ",$184.84 
11/11/19,"$9,145,731,474 ",$189.04 
11/10/19,"$7,371,484,626 ",$184.96 
11/9/19,"$9,317,711,240 ",$183.67 
11/8/19,"$8,952,840,250 ",$186.82 
11/7/19,"$10,229,062,756 ",$191.30 
11/6/19,"$10,976,995,833 ",$189.17 
11/5/19,"$10,711,288,572 ",$185.76 
11/4/19,"$15,978,664,590 ",$181.82 
11/3/19,"$17,556,115,440 ",$183.22 
11/2/19,"$8,966,993,687 ",$183.06 
11/1/19,"$10,677,408,738 ",$182.76 
10/31/19,"$10,475,563,029 ",$183.13 
10/30/19,"$10,858,105,799 ",$190.51 
10/29/19,"$10,802,432,065 ",$181.86 
10/28/19,"$11,927,463,513 ",$183.58 
10/27/19,"$13,413,299,279 ",$179.54 
10/26/19,"$11,568,719,162 ",$181.45 
10/25/19,"$7,385,746,458 ",$160.68 
10/24/19,"$8,423,014,823 ",$161.58 
10/23/19,"$6,863,039,382 ",$171.43 
10/22/19,"$6,738,537,535 ",$174.35 
10/21/19,"$7,186,266,522 ",$175.21 
10/20/19,"$6,653,033,262 ",$171.85 
10/19/19,"$8,019,508,916 ",$172.89 
10/18/19,"$6,589,528,029 ",$177.48 
10/17/19,"$7,574,783,774 ",$175.05 
10/16/19,"$7,255,387,196 ",$180.75 
10/15/19,"$6,948,746,949 ",$186.62 
10/14/19,"$7,218,077,682 ",$181.29 
10/13/19,"$7,092,415,248 ",$179.95 
10/12/19,"$9,464,732,027 ",$180.55 
10/11/19,"$8,489,850,464 ",$191.04 
10/10/19,"$9,901,588,881 ",$193.34 
10/9/19,"$7,965,287,587 ",$180.79 
10/8/19,"$8,651,483,187 ",$180.14 
10/7/19,"$6,183,872,973 ",$170.45 
10/6/19,"$6,878,002,599 ",$176.28 
10/5/19,"$6,788,268,824 ",$175.86 
10/4/19,"$6,571,609,558 ",$176.86 
10/3/19,"$7,011,073,716 ",$180.58 
10/2/19,"$7,030,264,696 ",$180.63 
10/1/19,"$8,531,793,897 ",$179.76 
9/30/19,"$6,622,811,336 ",$169.69 
9/29/19,"$8,420,640,753 ",$174.08 
9/28/19,"$7,741,411,782 ",$173.90 
9/27/19,"$8,887,474,209 ",$166.22 
9/26/19,"$10,971,536,373 ",$170.29 
9/25/19,"$11,738,404,291 ",$168.67 
9/24/19,"$8,336,808,956 ",$201.00 
9/23/19,"$8,770,978,543 ",$211.62 
9/22/19,"$8,291,876,956 ",$215.35 
9/21/19,"$8,563,835,820 ",$217.95 
9/20/19,"$11,660,216,014 ",$221.74 
9/19/19,"$10,026,926,702 ",$210.25 
9/18/19,"$10,534,577,182 ",$209.21 
9/17/19,"$8,404,868,033 ",$197.61 
9/16/19,"$6,872,781,111 ",$189.26 
9/15/19,"$7,236,471,987 ",$188.31 
9/14/19,"$6,577,694,623 ",$181.21 
9/13/19,"$6,514,468,641 ",$181.01 
9/12/19,"$7,572,468,714 ",$178.08 
9/11/19,"$6,808,322,893 ",$180.15 
9/10/19,"$8,230,569,259 ",$181.01 
9/9/19,"$7,427,353,151 ",$181.48 
9/8/19,"$7,289,035,616 ",$177.85 
9/7/19,"$7,990,465,595 ",$169.42 
9/6/19,"$6,972,203,244 ",$174.19 
9/5/19,"$6,753,228,074 ",$174.78 
9/4/19,"$6,839,270,834 ",$178.83 
9/3/19,"$6,929,999,813 ",$177.72 
9/2/19,"$5,582,323,205 ",$170.73 
9/1/19,"$6,422,265,680 ",$172.07 
8/31/19,"$6,149,887,966 ",$168.67 
8/30/19,"$7,553,876,741 ",$168.80 
8/29/19,"$6,630,138,919 ",$173.03 
8/28/19,"$6,715,792,818 ",$186.97 
8/27/19,"$7,808,973,222 ",$188.38 
8/26/19,"$6,925,363,690 ",$186.32 
8/25/19,"$6,816,227,734 ",$190.56 
8/24/19,"$8,310,335,766 ",$194.21 
8/23/19,"$8,373,678,957 ",$191.52 
8/22/19,"$7,533,577,003 ",$187.02 
8/21/19,"$7,427,661,566 ",$196.27 
8/20/19,"$7,984,979,710 ",$202.96 
8/19/19,"$7,608,103,574 ",$194.36 
8/18/19,"$7,074,381,393 ",$185.76 
8/17/19,"$9,104,078,192 ",$185.15 
8/16/19,"$9,569,868,633 ",$188.15 
8/15/19,"$9,066,370,572 ",$185.66 
8/14/19,"$7,468,627,796 ",$209.27 
8/13/19,"$6,858,803,451 ",$211.11 
8/12/19,"$8,817,555,226 ",$216.49 
8/11/19,"$7,866,305,404 ",$206.50 
8/10/19,"$9,017,297,469 ",$210.15 
8/9/19,"$8,972,857,707 ",$222.00 
8/8/19,"$9,705,696,057 ",$226.40 
8/7/19,"$9,971,872,219 ",$227.02 
8/6/19,"$10,565,615,080 ",$232.82 
8/5/19,"$7,801,234,063 ",$221.99 
8/4/19,"$7,118,505,874 ",$221.42 
8/3/19,"$7,476,612,908 ",$217.80 
8/2/19,"$7,106,350,021 ",$216.63 
8/1/19,"$7,854,507,843 ",$218.61 
7/31/19,"$6,861,118,023 ",$209.65 
7/30/19,"$7,155,796,188 ",$210.82 
7/29/19,"$6,820,635,280 ",$211.23 
7/28/19,"$6,935,857,584 ",$206.53 
7/27/19,"$6,261,416,237 ",$219.58 
7/26/19,"$8,431,628,740 ",$219.49 
7/25/19,"$8,036,309,077 ",$217.20 
7/24/19,"$8,343,544,803 ",$213.50 
7/23/19,"$9,159,417,329 ",$217.65 
7/22/19,"$8,668,234,009 ",$226.15 
7/21/19,"$9,443,236,308 ",$228.96 
7/20/19,"$9,394,172,336 ",$221.11 
7/19/19,"$12,224,826,621 ",$226.30 
7/18/19,"$11,495,306,974 ",$210.84 
7/17/19,"$11,546,792,447 ",$199.94 
7/16/19,"$12,728,221,880 ",$230.18 
7/15/19,"$10,112,411,752 ",$227.12 
7/14/19,"$8,942,739,616 ",$270.31 
7/13/19,"$9,759,415,140 ",$275.81 
7/12/19,"$11,259,727,245 ",$268.64 
7/11/19,"$14,363,666,682 ",$290.01 
7/10/19,"$12,539,512,335 ",$307.78 
7/9/19,"$11,412,190,952 ",$312.47 
7/8/19,"$9,431,071,378 ",$305.34 
7/7/19,"$11,073,979,598 ",$289.58 
7/6/19,"$12,482,686,165 ",$287.99 
7/5/19,"$11,865,088,601 ",$285.22 
7/4/19,"$13,852,646,285 ",$304.17 
7/3/19,"$13,634,093,715 ",$290.96 
7/2/19,"$14,541,502,315 ",$295.26 
7/1/19,"$14,452,227,264 ",$292.84 
6/30/19,"$15,410,762,009 ",$321.43 
6/29/19,"$13,481,294,401 ",$309.95 
6/28/19,"$17,565,136,833 ",$295.84 
6/27/19,"$20,783,128,905 ",$337.34 
6/26/19,"$11,894,108,469 ",$318.64 
6/25/19,"$10,801,735,316 ",$311.07 
6/24/19,"$11,379,261,836 ",$307.95 
6/23/19,"$14,958,216,407 ",$310.65 
6/22/19,"$13,984,421,402 ",$294.48 
6/21/19,"$9,013,711,197 ",$272.33 
6/20/19,"$8,141,550,514 ",$269.15 
6/19/19,"$9,119,385,783 ",$264.79 
6/18/19,"$10,113,175,117 ",$273.12 
6/17/19,"$11,214,016,848 ",$269.07 
6/16/19,"$8,326,314,916 ",$268.11 
6/15/19,"$9,249,836,453 ",$263.93 
6/14/19,"$8,992,183,284 ",$255.12 
6/13/19,"$12,143,678,886 ",$260.57 
6/12/19,"$8,182,713,237 ",$245.09 
6/11/19,"$8,199,127,074 ",$247.25 
6/10/19,"$8,029,562,832 ",$232.04 
6/9/19,"$7,354,875,776 ",$244.63 
6/8/19,"$8,150,833,842 ",$250.64 
6/7/19,"$8,404,331,947 ",$249.97 
6/6/19,"$9,425,766,068 ",$246.83 
6/5/19,"$9,485,736,883 ",$240.24 
6/4/19,"$9,490,495,448 ",$251.75 
6/3/19,"$9,394,858,671 ",$269.94 
6/2/19,"$9,939,944,522 ",$264.73 
6/1/19,"$13,065,602,416 ",$268.13 
5/31/19,"$13,789,629,798 ",$255.38 
5/30/19,"$10,947,486,779 ",$268.79 
5/29/19,"$9,175,086,733 ",$271.23 
5/28/19,"$12,655,030,646 ",$273.41 
5/27/19,"$11,071,430,353 ",$266.12 
5/26/19,"$9,323,604,230 ",$250.82 
5/25/19,"$9,874,907,868 ",$248.55 
5/24/19,"$11,366,080,281 ",$244.65 
5/23/19,"$9,779,773,115 ",$244.55 
5/22/19,"$10,173,591,140 ",$256.08 
5/21/19,"$11,264,583,865 ",$251.96 
5/20/19,"$10,660,302,136 ",$260.60 
5/19/19,"$9,809,558,172 ",$235.33 
5/18/19,"$16,370,442,951 ",$243.57 
5/17/19,"$18,005,081,607 ",$264.90 
5/16/19,"$13,672,541,333 ",$248.75 
5/15/19,"$13,905,655,019 ",$218.28 
5/14/19,"$11,346,705,277 ",$196.08 
5/13/19,"$11,582,482,850 ",$187.27 
5/12/19,"$15,122,302,158 ",$196.69 
5/11/19,"$8,161,017,267 ",$172.68 
5/10/19,"$6,902,719,143 ",$170.58 
5/9/19,"$6,667,762,035 ",$170.11 
5/8/19,"$9,534,335,325 ",$170.10 
5/7/19,"$8,296,752,442 ",$172.83 
5/6/19,"$6,585,100,748 ",$162.37 
5/5/19,"$7,462,922,637 ",$162.84 
5/4/19,"$7,370,814,310 ",$166.63 
5/3/19,"$6,382,424,499 ",$160.96 
5/2/19,"$5,827,474,261 ",$159.49 
5/1/19,"$7,295,538,037 ",$160.74 
4/30/19,"$6,411,778,889 ",$154.08 
4/29/19,"$5,768,664,296 ",$156.60 
4/28/19,"$5,979,883,531 ",$158.29 
4/27/19,"$7,692,660,385 ",$157.38 
4/26/19,"$7,178,205,516 ",$153.93 
4/25/19,"$8,048,012,711 ",$165.67 
4/24/19,"$7,113,521,465 ",$170.91 
4/23/19,"$6,402,115,847 ",$171.04 
4/22/19,"$6,664,047,715 ",$169.99 
4/21/19,"$6,156,525,101 ",$173.17 
4/20/19,"$7,221,388,008 ",$173.23 
4/19/19,"$7,052,905,652 ",$173.41 
4/18/19,"$5,326,967,582 ",$166.33 
4/17/19,"$5,341,068,834 ",$166.48 
4/16/19,"$6,208,683,988 ",$160.53 
4/15/19,"$5,453,899,413 ",$167.62 
4/14/19,"$4,895,342,267 ",$163.97 
4/13/19,"$6,864,550,132 ",$164.57 
4/12/19,"$9,492,297,742 ",$165.04 
4/11/19,"$8,535,409,688 ",$177.33 
4/10/19,"$7,853,653,933 ",$175.29 
4/9/19,"$9,174,797,057 ",$180.01 
4/8/19,"$8,774,486,908 ",$174.09 
4/7/19,"$8,041,146,225 ",$165.33 
4/6/19,"$8,154,465,150 ",$165.14 
4/5/19,"$18,960,578,266 ",$157.41 
4/4/19,"$14,345,018,962 ",$160.43 
4/3/19,"$11,972,928,896 ",$164.05 
4/2/19,"$5,806,385,520 ",$141.51 
4/1/19,"$5,681,255,418 ",$141.59 
3/31/19,"$6,431,145,135 ",$142.29 
3/30/19,"$6,309,182,469 ",$143.15 
3/29/19,"$6,421,741,404 ",$137.81 
3/28/19,"$6,058,290,711 ",$139.64 
3/27/19,"$6,365,187,625 ",$134.03 
3/26/19,"$5,128,191,498 ",$133.82 
3/25/19,"$4,828,779,391 ",$136.06 
3/24/19,"$4,329,648,785 ",$137.20 
3/23/19,"$4,676,895,061 ",$136.10 
3/22/19,"$5,329,540,237 ",$135.06 
3/21/19,"$4,301,026,829 ",$139.08 
3/20/19,"$4,016,707,232 ",$138.52 
3/19/19,"$4,436,947,538 ",$137.66 
3/18/19,"$3,163,231,175 ",$138.55 
3/17/19,"$4,786,242,985 ",$141.09 
3/16/19,"$4,756,481,151 ",$136.45 
3/15/19,"$3,916,095,404 ",$132.15 
3/14/19,"$3,621,660,452 ",$131.67 
3/13/19,"$4,188,517,679 ",$133.29 
3/12/19,"$3,785,480,350 ",$132.39 
3/11/19,"$4,499,641,387 ",$135.62 
3/10/19,"$4,296,123,041 ",$137.20 
3/9/19,"$4,522,056,070 ",$133.54 
3/8/19,"$4,578,357,694 ",$136.79 
3/7/19,"$4,644,218,449 ",$137.33 
3/6/19,"$5,188,731,981 ",$136.55 
3/5/19,"$4,360,833,027 ",$125.62 
3/4/19,"$3,658,774,172 ",$130.54 
3/3/19,"$3,386,932,026 ",$132.41 
3/2/19,"$3,152,662,372 ",$134.95 
3/1/19,"$4,363,574,713 ",$135.49 
2/28/19,"$4,639,489,691 ",$134.85 
2/27/19,"$4,013,821,729 ",$136.00 
2/26/19,"$5,199,003,327 ",$137.82 
2/25/19,"$6,907,323,014 ",$134.32 
2/24/19,"$5,041,062,545 ",$157.68 
2/23/19,"$3,866,449,782 ",$148.04 
2/22/19,"$4,028,897,437 ",$145.30 
2/21/19,"$4,674,193,074 ",$148.87 
2/20/19,"$4,958,547,531 ",$143.66 
2/19/19,"$5,528,376,735 ",$145.33 
2/18/19,"$4,003,447,879 ",$133.88 
2/17/19,"$2,286,482,857 ",$122.94 
2/16/19,"$2,374,950,566 ",$121.57 
2/15/19,"$2,745,287,446 ",$120.59 
2/14/19,"$2,635,011,194 ",$122.09 
2/13/19,"$2,573,128,710 ",$122.54 
2/12/19,"$2,802,017,941 ",$120.97 
2/11/19,"$2,720,772,396 ",$124.89 
2/10/19,"$2,281,124,257 ",$119.49 
2/9/19,"$3,337,030,324 ",$119.33 
2/8/19,"$1,809,028,295 ",$104.27 
2/7/19,"$2,028,390,258 ",$104.62 
2/6/19,"$1,850,805,735 ",$107.32 
2/5/19,"$1,910,734,434 ",$107.62 
2/4/19,"$1,970,373,516 ",$107.20 
2/3/19,"$1,859,087,082 ",$108.78 
2/2/19,"$2,189,489,172 ",$107.01 
2/1/19,"$1,980,504,564 ",$106.34 
1/31/19,"$2,493,952,726 ",$108.27 
1/30/19,"$2,555,950,268 ",$104.60 
1/29/19,"$2,332,780,149 ",$105.35 
1/28/19,"$1,753,825,292 ",$112.51 
1/27/19,"$1,433,112,571 ",$115.34 
1/26/19,"$1,612,015,659 ",$115.15 
1/25/19,"$1,605,735,350 ",$116.25 
1/24/19,"$1,599,707,092 ",$116.42 
1/23/19,"$1,765,861,558 ",$117.82 
1/22/19,"$1,719,454,581 ",$115.83 
1/21/19,"$1,968,418,397 ",$117.61 
1/20/19,"$1,843,518,995 ",$122.93 
1/19/19,"$1,689,783,955 ",$119.17 
1/18/19,"$1,953,391,667 ",$121.93 
1/17/19,"$2,113,608,537 ",$122.25 
1/16/19,"$2,179,445,233 ",$119.81 
1/15/19,"$2,141,032,095 ",$127.41 
1/14/19,"$1,642,681,383 ",$114.77 
1/13/19,"$1,504,750,867 ",$123.76 
1/12/19,"$2,081,742,757 ",$124.63 
1/11/19,"$2,728,309,575 ",$126.62 
1/10/19,"$1,895,694,765 ",$148.74 
1/9/19,"$2,024,950,462 ",$148.15 
1/8/19,"$2,288,173,707 ",$149.90 
1/7/19,"$2,604,841,787 ",$154.70 
1/6/19,"$2,751,810,037 ",$153.65 
1/5/19,"$2,802,750,465 ",$153.06 
1/4/19,"$2,147,721,864 ",$146.73 
1/3/19,"$2,970,382,678 ",$152.86 
1/2/19,"$1,831,181,165 ",$138.14 
1/1/19,"$1,822,123,555 ",$131.46 
12/31/18,"$2,326,472,259 ",$137.63 
12/30/18,"$2,754,610,335 ",$138.75 
12/29/18,"$2,611,941,307 ",$134.02 
12/28/18,"$1,964,406,472 ",$114.10 
12/27/18,"$2,263,075,668 ",$129.51 
12/26/18,"$2,981,293,112 ",$127.64 
12/25/18,"$4,190,149,359 ",$138.96 
12/24/18,"$3,038,557,582 ",$129.21 
12/23/18,"$1,843,031,241 ",$115.05 
12/22/18,"$2,146,527,658 ",$107.85 
12/21/18,"$2,413,040,598 ",$114.43 
12/20/18,"$1,971,206,305 ",$99.49 
12/19/18,"$1,751,770,011 ",$100.05 
12/18/18,"$1,696,264,040 ",$94.07 
12/17/18,"$1,198,587,935 ",$84.47 
12/16/18,"$1,109,693,017 ",$83.83 
12/15/18,"$1,325,123,179 ",$83.79 
12/14/18,"$1,269,694,471 ",$85.96 
12/13/18,"$1,232,429,722 ",$89.38 
12/12/18,"$1,392,270,657 ",$87.85 
12/11/18,"$1,295,907,312 ",$89.85 
12/10/18,"$1,591,278,002 ",$93.53 
12/9/18,"$1,807,021,802 ",$90.68 
12/8/18,"$2,504,222,326 ",$92.97 
12/7/18,"$1,619,374,013 ",$91.10 
12/6/18,"$1,338,392,608 ",$102.51 
12/5/18,"$1,334,764,926 ",$109.85 
12/4/18,"$1,272,979,824 ",$108.68 
12/3/18,"$1,311,180,616 ",$115.94 
12/2/18,"$1,471,310,196 ",$118.10 
12/1/18,"$1,719,140,726 ",$113.40 
11/30/18,"$1,607,356,550 ",$117.71 
11/29/18,"$2,140,930,653 ",$122.45 
11/28/18,"$1,997,220,603 ",$110.43 
11/27/18,"$1,897,018,311 ",$109.43 
11/26/18,"$2,438,195,896 ",$117.53 
11/25/18,"$1,678,866,536 ",$114.29 
11/24/18,"$1,739,142,609 ",$124.15 
11/23/18,"$1,749,233,437 ",$126.07 
11/22/18,"$2,864,570,364 ",$137.17 
11/21/18,"$3,210,253,186 ",$131.48 
11/20/18,"$2,804,845,847 ",$150.39 
11/19/18,"$1,419,370,369 ",$177.73 
11/18/18,"$1,412,767,953 ",$175.67 
11/17/18,"$1,724,796,641 ",$176.02 
11/16/18,"$2,461,869,578 ",$182.45 
11/15/18,"$2,658,768,934 ",$184.02 
11/14/18,"$1,395,382,434 ",$208.58 
11/13/18,"$1,282,532,598 ",$211.66 
11/12/18,"$1,300,514,888 ",$212.47 
11/11/18,"$1,068,409,319 ",$212.97 
11/10/18,"$1,088,745,373 ",$210.79 
11/9/18,"$1,330,922,736 ",$213.41 
11/8/18,"$1,482,170,343 ",$219.02 
11/7/18,"$1,767,914,757 ",$219.16 
11/6/18,"$1,497,004,601 ",$209.11 
11/5/18,"$1,796,786,476 ",$206.81 
11/4/18,"$1,031,402,141 ",$200.14 
11/3/18,"$1,261,558,842 ",$202.28 
11/2/18,"$1,320,296,640 ",$199.12 
11/1/18,"$1,270,047,763 ",$198.64 
10/31/18,"$977,416,381 ",$197.45 
10/30/18,"$1,525,796,042 ",$195.75 
10/29/18,"$1,039,726,472 ",$204.72 
10/28/18,"$1,055,337,329 ",$203.19 
10/27/18,"$1,294,283,607 ",$203.38 
10/26/18,"$1,165,395,714 ",$202.35 
10/25/18,"$1,220,612,744 ",$203.52 
10/24/18,"$1,232,758,658 ",$204.08 
10/23/18,"$1,242,296,101 ",$205.04 
10/22/18,"$1,070,945,888 ",$206.31 
10/21/18,"$1,154,390,189 ",$206.88 
10/20/18,"$1,230,724,743 ",$203.98 
10/19/18,"$1,267,340,948 ",$204.31 
10/18/18,"$1,230,898,825 ",$211.08 
10/17/18,"$1,278,234,752 ",$212.44 
10/16/18,"$3,003,242,430 ",$212.20 
10/15/18,"$1,120,326,805 ",$196.32 
10/14/18,"$1,075,912,682 ",$201.05 
10/13/18,"$1,432,531,941 ",$197.07 
10/12/18,"$1,985,897,939 ",$192.00 
10/11/18,"$1,221,609,498 ",$225.66 
10/10/18,"$1,144,035,692 ",$227.97 
10/9/18,"$1,307,100,279 ",$229.52 
10/8/18,"$1,219,257,804 ",$225.66 
10/7/18,"$1,289,880,375 ",$225.07 
10/6/18,"$1,343,329,878 ",$228.04 
10/5/18,"$1,299,403,541 ",$222.20 
10/4/18,"$1,484,341,832 ",$220.47 
10/3/18,"$1,289,588,249 ",$225.79 
10/2/18,"$1,380,169,412 ",$231.14 
10/1/18,"$1,696,510,082 ",$232.78 
9/30/18,"$2,157,048,772 ",$231.74 
9/29/18,"$1,941,656,837 ",$222.23 
9/28/18,"$2,324,850,663 ",$229.22 
9/27/18,"$2,266,901,693 ",$214.98 
9/26/18,"$4,690,848,658 ",$219.50 
9/25/18,"$2,153,893,196 ",$228.34 
9/24/18,"$2,228,170,858 ",$244.78 
9/23/18,"$2,253,360,128 ",$241.84 
9/22/18,"$3,224,898,333 ",$247.41 
9/21/18,"$2,506,415,803 ",$224.38 
9/20/18,"$2,532,964,971 ",$209.14 
9/19/18,"$2,669,510,296 ",$210.15 
9/18/18,"$2,973,745,225 ",$196.58 
9/17/18,"$2,369,163,812 ",$220.14 
9/16/18,"$2,852,106,466 ",$223.05 
9/15/18,"$3,131,560,545 ",$211.38 
9/14/18,"$3,501,498,583 ",$211.83 
9/13/18,"$2,604,494,815 ",$182.95 
9/12/18,"$2,596,452,766 ",$184.08 
9/11/18,"$2,491,788,678 ",$196.36 
9/10/18,"$3,175,761,389 ",$195.88 
9/9/18,"$2,540,332,939 ",$196.87 
9/8/18,"$2,789,431,368 ",$215.43 
9/7/18,"$2,701,061,396 ",$229.37 
9/6/18,"$4,099,897,500 ",$232.60 
9/5/18,"$2,979,570,499 ",$285.49 
9/4/18,"$2,057,722,571 ",$288.85 
9/3/18,"$2,297,225,429 ",$294.59 
9/2/18,"$2,591,135,538 ",$295.65 
9/1/18,"$2,200,676,476 ",$282.22 
8/31/18,"$2,491,159,404 ",$285.10 
8/30/18,"$2,536,785,879 ",$288.51 
8/29/18,"$2,548,394,710 ",$296.30 
8/28/18,"$2,157,563,440 ",$286.96 
8/27/18,"$1,905,358,201 ",$273.50 
8/26/18,"$1,727,946,125 ",$277.97 
8/25/18,"$2,215,723,322 ",$281.73 
8/24/18,"$2,099,144,009 ",$275.81 
8/23/18,"$2,312,267,791 ",$269.25 
8/22/18,"$2,099,627,672 ",$280.37 
8/21/18,"$2,209,797,061 ",$271.06 
8/20/18,"$2,503,896,968 ",$299.44 
8/19/18,"$2,806,352,499 ",$293.18 
8/18/18,"$2,930,409,555 ",$314.79 
8/17/18,"$2,409,323,175 ",$286.32 
8/16/18,"$2,818,580,242 ",$281.14 
8/15/18,"$3,134,794,914 ",$277.75 
8/14/18,"$2,305,624,515 ",$284.96 
8/13/18,"$2,055,561,310 ",$317.96 
8/12/18,"$2,371,854,615 ",$317.31 
8/11/18,"$2,027,472,927 ",$332.49 
8/10/18,"$2,317,855,524 ",$363.69 
8/9/18,"$1,935,897,433 ",$353.65 
8/8/18,"$1,851,482,817 ",$377.75 
8/7/18,"$2,315,454,593 ",$404.82 
8/6/18,"$2,106,705,189 ",$409.16 
8/5/18,"$1,809,713,053 ",$406.88 
8/4/18,"$2,104,388,036 ",$417.36 
8/3/18,"$2,616,667,155 ",$410.93 
8/2/18,"$5,779,965,392 ",$417.28 
8/1/18,"$1,576,813,469 ",$432.35 
7/31/18,"$1,658,111,274 ",$458.08 
7/30/18,"$8,096,703,017 ",$466.42 
7/29/18,"$15,896,613,818 ",$465.90 
7/28/18,"$1,318,960,361 ",$467.96 
7/27/18,"$1,425,778,760 ",$460.87 
7/26/18,"$1,567,839,914 ",$468.74 
7/25/18,"$1,761,639,225 ",$477.21 
7/24/18,"$1,376,984,398 ",$447.92 
7/23/18,"$1,171,779,230 ",$455.53 
7/22/18,"$1,274,976,612 ",$458.08 
7/21/18,"$1,657,375,888 ",$447.20 
7/20/18,"$1,540,257,888 ",$464.79 
7/19/18,"$1,914,258,994 ",$475.99 
7/18/18,"$1,948,063,361 ",$497.18 
7/17/18,"$2,202,047,226 ",$478.21 
7/16/18,"$1,144,805,113 ",$446.61 
7/15/18,"$1,123,965,514 ",$431.78 
7/14/18,"$1,446,717,925 ",$431.27 
7/13/18,"$1,431,811,643 ",$427.79 
7/12/18,"$1,290,310,142 ",$443.03 
7/11/18,"$1,785,960,365 ",$431.76 
7/10/18,"$1,637,687,611 ",$469.70 
7/9/18,"$1,475,654,563 ",$483.80 
7/8/18,"$1,498,055,824 ",$481.52 
7/7/18,"$1,573,448,525 ",$467.59 
7/6/18,"$1,727,252,654 ",$466.88 
7/5/18,"$1,569,050,880 ",$463.22 
7/4/18,"$1,747,988,601 ",$459.70 
7/3/18,"$1,756,088,768 ",$472.31 
7/2/18,"$1,389,903,375 ",$447.68 
7/1/18,"$1,242,421,814 ",$449.43 
6/30/18,"$1,274,641,927 ",$432.51 
6/29/18,"$1,247,515,217 ",$420.86 
6/28/18,"$1,459,598,904 ",$437.88 
6/27/18,"$3,145,279,252 ",$430.60 
6/26/18,"$3,935,188,499 ",$458.93 
6/25/18,"$1,813,906,376 ",$455.72 
6/24/18,"$1,088,716,168 ",$472.98 
6/23/18,"$1,473,054,828 ",$463.94 
6/22/18,"$901,042,405 ",$520.67 
6/21/18,"$983,081,481 ",$529.76 
6/20/18,"$1,047,558,826 ",$532.00 
6/19/18,"$861,532,500 ",$512.43 
6/18/18,"$675,191,595 ",$491.40 
6/17/18,"$732,126,706 ",$493.07 
6/16/18,"$1,129,671,620 ",$485.43 
6/15/18,"$1,634,517,038 ",$516.64 
6/14/18,"$1,330,197,064 ",$474.86 
6/13/18,"$1,183,551,768 ",$495.08 
6/12/18,"$1,163,129,333 ",$529.13 
6/11/18,"$1,323,637,043 ",$523.00 
6/10/18,"$704,024,660 ",$581.12 
6/9/18,"$774,931,924 ",$590.50 
6/8/18,"$987,621,968 ",$595.13 
6/7/18,"$883,508,367 ",$598.22 
6/6/18,"$981,693,247 ",$600.68 
6/5/18,"$998,788,030 ",$586.58 
6/4/18,"$960,786,812 ",$609.29 
6/3/18,"$917,573,394 ",$583.13 
6/2/18,"$988,913,897 ",$573.83 
6/1/18,"$1,016,848,280 ",$571.73 
5/31/18,"$1,076,970,537 ",$555.35 
5/30/18,"$1,304,128,811 ",$561.74 
5/29/18,"$1,349,222,686 ",$511.62 
5/28/18,"$936,703,219 ",$565.93 
5/27/18,"$793,211,715 ",$580.48 
5/26/18,"$1,130,488,778 ",$582.28 
5/25/18,"$1,578,836,654 ",$597.85 
5/24/18,"$1,636,502,158 ",$581.24 
5/23/18,"$1,134,342,773 ",$641.10 
5/22/18,"$914,750,524 ",$688.91 
5/21/18,"$964,430,376 ",$703.81 
5/20/18,"$955,540,975 ",$685.85 
5/19/18,"$1,140,013,811 ",$686.21 
5/18/18,"$1,148,132,529 ",$665.63 
5/17/18,"$1,283,393,782 ",$702.45 
5/16/18,"$1,318,045,202 ",$703.16 
5/15/18,"$1,747,256,249 ",$727.80 
5/14/18,"$1,358,354,340 ",$726.87 
5/13/18,"$1,574,237,121 ",$683.17 
5/12/18,"$1,867,453,051 ",$675.29 
5/11/18,"$1,329,169,268 ",$717.41 
5/10/18,"$1,517,875,906 ",$743.64 
5/9/18,"$1,562,833,108 ",$744.32 
5/8/18,"$2,808,727,749 ",$748.81 
5/7/18,"$1,742,487,117 ",$785.89 
5/6/18,"$1,617,671,981 ",$807.07 
5/5/18,"$1,967,182,624 ",$777.91 
5/4/18,"$1,005,515,084 ",$781.43 
5/3/18,"$1,153,897,333 ",$676.55 
5/2/18,"$1,342,793,449 ",$665.23 
5/1/18,"$1,271,088,004 ",$662.73 
4/30/18,"$1,180,427,165 ",$680.12 
4/29/18,"$1,170,961,463 ",$672.60 
4/28/18,"$1,327,872,538 ",$641.99 
4/27/18,"$1,616,604,527 ",$657.06 
4/26/18,"$2,772,144,667 ",$613.73 
4/25/18,"$2,013,232,706 ",$705.03 
4/24/18,"$1,175,262,574 ",$636.37 
4/23/18,"$1,226,887,274 ",$617.20 
4/22/18,"$1,412,079,787 ",$600.26 
4/21/18,"$1,477,100,076 ",$590.27 
4/20/18,"$1,223,410,366 ",$566.39 
4/19/18,"$827,471,474 ",$517.37 
4/18/18,"$834,810,908 ",$498.47 
4/17/18,"$952,394,919 ",$507.11 
4/16/18,"$1,113,471,502 ",$525.53 
4/15/18,"$960,941,082 ",$495.11 
4/14/18,"$1,771,917,383 ",$488.99 
4/13/18,"$1,871,680,189 ",$488.61 
4/12/18,"$816,313,720 ",$427.38 
4/11/18,"$687,260,482 ",$412.69 
4/10/18,"$1,095,742,137 ",$398.77 
4/9/18,"$565,597,671 ",$396.98 
4/8/18,"$549,082,515 ",$383.45 
4/7/18,"$590,720,200 ",$369.91 
4/6/18,"$767,721,856 ",$384.46 
4/5/18,"$888,566,484 ",$380.28 
4/4/18,"$938,277,656 ",$415.72 
4/3/18,"$725,811,931 ",$384.83 
4/2/18,"$928,418,707 ",$379.12 
4/1/18,"$970,454,263 ",$395.80 
3/31/18,"$1,552,652,585 ",$395.33 
3/30/18,"$1,501,135,896 ",$385.33 
3/29/18,"$899,161,524 ",$443.95 
3/28/18,"$1,205,007,525 ",$449.05 
3/27/18,"$1,130,010,306 ",$487.54 
3/26/18,"$654,302,264 ",$519.38 
3/25/18,"$722,258,331 ",$519.49 
3/24/18,"$1,024,506,178 ",$538.11 
3/23/18,"$1,029,637,021 ",$537.71 
3/22/18,"$1,242,490,235 ",$561.15 
3/21/18,"$1,363,997,499 ",$554.21 
3/20/18,"$1,668,238,270 ",$555.08 
3/19/18,"$2,515,158,737 ",$538.69 
3/18/18,"$922,526,848 ",$560.11 
3/17/18,"$939,394,447 ",$607.88 
3/16/18,"$1,314,501,765 ",$612.44 
3/15/18,"$1,222,860,954 ",$608.39 
3/14/18,"$914,239,003 ",$684.64 
3/13/18,"$1,041,451,579 ",$695.31 
3/12/18,"$1,044,019,470 ",$713.20 
3/11/18,"$1,019,304,766 ",$684.93 
3/10/18,"$1,559,125,766 ",$710.89 
3/9/18,"$1,253,573,582 ",$699.19 
3/8/18,"$1,517,892,303 ",$752.59 
3/7/18,"$1,163,651,037 ",$808.45 
3/6/18,"$996,644,678 ",$840.15 
3/5/18,"$921,438,207 ",$843.76 
3/4/18,"$968,839,520 ",$844.26 
3/3/18,"$1,065,182,064 ",$850.44 
3/2/18,"$1,046,744,162 ",$855.68 
3/1/18,"$1,088,578,649 ",$846.37 
2/28/18,"$1,185,779,363 ",$869.26 
2/27/18,"$1,273,600,055 ",$863.65 
2/26/18,"$971,919,367 ",$842.63 
2/25/18,"$1,133,793,474 ",$828.72 
2/24/18,"$1,553,348,120 ",$864.67 
2/23/18,"$1,255,677,307 ",$812.45 
2/22/18,"$1,249,190,217 ",$809.13 
2/21/18,"$1,376,504,168 ",$902.97 
2/20/18,"$1,113,969,169 ",$928.29 
2/19/18,"$1,443,742,229 ",$915.09 
2/18/18,"$1,331,103,327 ",$964.28 
2/17/18,"$1,274,489,448 ",$934.68 
2/16/18,"$1,674,187,630 ",$928.29 
2/15/18,"$1,659,598,861 ",$915.08 
2/14/18,"$1,215,799,276 ",$833.78 
2/13/18,"$1,342,080,235 ",$862.75 
2/12/18,"$1,606,757,571 ",$817.29 
2/11/18,"$1,811,750,053 ",$854.35 
2/10/18,"$1,609,823,406 ",$871.33 
2/9/18,"$2,256,661,883 ",$807.82 
2/8/18,"$2,635,662,719 ",$751.89 
2/7/18,"$5,021,975,964 ",$785.74 
2/6/18,"$2,941,430,689 ",$684.31 
2/5/18,"$1,882,681,774 ",$834.89 
2/4/18,"$1,878,004,124 ",$941.80 
2/3/18,"$4,640,850,229 ",$914.64 
2/2/18,"$3,414,246,408 ","$1,021.27 "
2/1/18,"$2,148,302,757 ","$1,106.14 "
1/31/18,"$2,570,454,740 ","$1,058.10 "
1/30/18,"$2,006,770,996 ","$1,161.91 "
1/29/18,"$2,005,499,365 ","$1,169.63 "
1/28/18,"$3,105,991,887 ","$1,237.32 "
1/27/18,"$1,592,501,816 ","$1,095.78 "
1/26/18,"$2,126,139,932 ","$1,048.80 "
1/25/18,"$2,098,100,041 ","$1,059.32 "
1/24/18,"$1,871,168,506 ","$1,056.88 "
1/23/18,"$2,162,095,341 ",$991.67 
1/22/18,"$2,128,266,202 ","$1,000.39 "
1/21/18,"$1,834,167,990 ","$1,053.63 "
1/20/18,"$1,927,757,663 ","$1,172.92 "
1/19/18,"$2,067,139,498 ","$1,046.90 "
1/18/18,"$3,220,457,431 ","$1,036.07 "
1/17/18,"$5,505,023,203 ","$1,022.37 "
1/16/18,"$5,197,858,118 ","$1,068.60 "
1/15/18,"$2,438,212,397 ","$1,329.67 "
1/14/18,"$2,771,837,301 ","$1,410.00 "
1/13/18,"$3,149,029,708 ","$1,448.18 "
1/12/18,"$2,569,674,474 ","$1,315.62 "
1/11/18,"$3,701,485,303 ","$1,181.65 "
1/10/18,"$5,901,388,488 ","$1,345.59 "
1/9/18,"$4,248,463,430 ","$1,361.44 "
1/8/18,"$4,813,539,670 ","$1,184.92 "
1/7/18,"$2,286,423,001 ","$1,137.65 "
1/6/18,"$1,824,841,953 ","$1,052.02 "
1/5/18,"$2,894,788,529 ","$1,004.89 "
1/4/18,"$2,756,635,496 ",$978.42 
1/3/18,"$2,308,657,206 ",$963.06 
1/2/18,"$2,720,973,272 ",$876.89 
1/1/18,"$1,101,627,636 ",$776.08 
12/31/17,"$1,127,368,142 ",$774.70 
12/30/17,"$1,306,193,222 ",$736.91 
12/29/17,"$1,172,554,374 ",$755.34 
12/28/17,"$1,012,380,621 ",$736.84 
12/27/17,"$910,830,157 ",$764.97 
12/26/17,"$1,046,697,072 ",$774.11 
12/25/17,"$1,242,520,658 ",$733.90 
12/24/17,"$1,224,218,822 ",$686.21 
12/23/17,"$1,292,257,944 ",$715.72 
12/22/17,"$2,635,463,382 ",$669.28 
12/21/17,"$1,886,649,146 ",$812.89 
12/20/17,"$2,174,389,927 ",$813.40 
12/19/17,"$2,383,800,980 ",$829.99 
12/18/17,"$2,104,028,876 ",$798.12 
12/17/17,"$1,297,439,773 ",$728.70 
12/16/17,"$1,323,743,951 ",$702.24 
12/15/17,"$1,942,292,720 ",$693.10 
12/14/17,"$2,551,109,083 ",$704.62 
12/13/17,"$2,717,113,880 ",$709.88 
12/12/17,"$3,691,983,512 ",$661.84 
12/11/17,"$1,035,160,071 ",$509.00 
12/10/17,"$900,203,443 ",$446.69 
12/9/17,"$1,109,058,209 ",$482.04 
12/8/17,"$1,578,944,198 ",$467.88 
12/7/17,"$968,306,460 ",$451.83 
12/6/17,"$5,911,434 ",$448.33 
12/5/17,"$590,010,796 ",$467.02 
12/4/17,"$559,902,819 ",$472.25 
12/3/17,"$513,723,193 ",$461.88 
12/2/17,"$571,377,803 ",$469.86 
12/1/17,"$731,926,956 ",$469.86 
11/30/17,"$1,302,713,009 ",$454.16 
11/29/17,"$1,864,835,258 ",$428.35 
11/28/17,"$640,921,146 ",$474.18 
11/27/17,"$982,703,878 ",$484.36 
11/26/17,"$848,847,110 ",$469.00 
11/25/17,"$1,062,451,149 ",$467.45 
11/24/17,"$1,710,984,792 ",$475.00 
11/23/17,"$1,357,607,759 ",$412.56 
11/22/17,"$502,690,894 ",$379.41 
11/21/17,"$667,087,478 ",$361.06 
11/20/17,"$511,630,931 ",$365.79 
11/19/17,"$892,315,491 ",$353.44 
11/18/17,"$437,969,175 ",$348.75 
11/17/17,"$408,873,409 ",$333.35 
11/16/17,"$540,577,805 ",$330.02 
11/15/17,"$518,053,274 ",$334.29 
11/14/17,"$507,718,197 ",$338.94 
11/13/17,"$783,366,134 ",$315.34 
11/12/17,"$1,172,943,695 ",$314.17 
11/11/17,"$618,676,054 ",$316.26 
11/10/17,"$650,505,791 ",$301.35 
11/9/17,"$691,815,366 ",$322.33 
11/8/17,"$755,752,328 ",$308.93 
11/7/17,"$415,882,644 ",$295.24 
11/6/17,"$472,946,830 ",$301.37 
11/5/17,"$250,477,636 ",$297.52 
11/4/17,"$317,726,072 ",$299.95 
11/3/17,"$493,531,954 ",$305.84 
11/2/17,"$727,168,620 ",$287.07 
11/1/17,"$343,876,004 ",$292.33 
10/31/17,"$275,058,602 ",$303.54 
10/30/17,"$245,646,778 ",$306.25 
10/29/17,"$400,151,389 ",$303.74 
10/28/17,"$178,675,171 ",$296.46 
10/27/17,"$165,062,613 ",$297.93 
10/26/17,"$175,211,825 ",$295.71 
10/25/17,"$224,745,396 ",$298.48 
10/24/17,"$522,634,263 ",$298.76 
10/23/17,"$357,572,835 ",$289.41 
10/22/17,"$227,830,531 ",$295.49 
10/21/17,"$291,385,148 ",$300.69 
10/20/17,"$270,984,513 ",$302.36 
10/19/17,"$251,750,070 ",$308.47 
10/18/17,"$459,286,354 ",$314.46 
10/17/17,"$368,660,410 ",$317.90 
10/16/17,"$536,987,706 ",$331.97 
10/15/17,"$513,925,812 ",$335.39 
10/14/17,"$384,671,082 ",$335.34 
10/13/17,"$1,062,936,137 ",$337.95 
10/12/17,"$389,123,581 ",$302.02 
10/11/17,"$179,994,095 ",$303.25 
10/10/17,"$262,661,724 ",$299.92 
10/9/17,"$422,803,467 ",$295.90 
10/8/17,"$195,574,551 ",$307.06 
10/7/17,"$259,031,772 ",$309.60 
10/6/17,"$223,872,524 ",$307.71 
10/5/17,"$166,289,552 ",$293.72 
10/4/17,"$167,895,948 ",$293.04 
10/3/17,"$213,674,545 ",$292.21 
10/2/17,"$228,753,339 ",$295.84 
10/1/17,"$208,656,622 ",$299.67 
9/30/17,"$234,494,286 ",$297.27 
9/29/17,"$401,420,308 ",$288.11 
9/28/17,"$344,032,409 ",$294.31 
9/27/17,"$394,839,374 ",$302.15 
9/26/17,"$240,690,671 ",$283.93 
9/25/17,"$367,147,869 ",$288.09 
9/24/17,"$473,679,366 ",$280.68 
9/23/17,"$365,565,239 ",$283.22 
9/22/17,"$343,728,639 ",$263.47 
9/21/17,"$470,196,974 ",$257.47 
9/20/17,"$322,301,352 ",$279.42 
9/19/17,"$518,505,104 ",$280.45 
9/18/17,"$935,880,978 ",$287.96 
9/17/17,"$336,444,511 ",$249.67 
9/16/17,"$586,258,301 ",$244.81 
9/15/17,"$1,617,179,859 ",$246.92 
9/14/17,"$929,861,557 ",$214.31 
9/13/17,"$721,738,886 ",$277.33 
9/12/17,"$583,871,860 ",$290.59 
9/11/17,"$363,007,788 ",$296.48 
9/10/17,"$456,818,455 ",$292.78 
9/9/17,"$315,515,992 ",$299.69 
9/8/17,"$660,392,680 ",$304.48 
9/7/17,"$431,394,250 ",$329.42 
9/6/17,"$672,471,699 ",$333.21 
9/5/17,"$1,099,567,125 ",$318.97 
9/4/17,"$1,278,523,027 ",$299.72 
9/3/17,"$671,189,522 ",$349.93 
9/2/17,"$958,653,962 ",$346.40 
9/1/17,"$505,643,413 ",$386.34 
8/31/17,"$414,360,266 ",$382.93 
8/30/17,"$852,991,842 ",$378.91 
8/29/17,"$767,166,476 ",$366.81 
8/28/17,"$519,874,393 ",$344.20 
8/27/17,"$370,052,132 ",$343.34 
8/26/17,"$333,839,328 ",$329.87 
8/25/17,"$451,950,699 ",$329.03 
8/24/17,"$397,752,659 ",$321.79 
8/23/17,"$466,474,643 ",$316.79 
8/22/17,"$898,344,263 ",$312.17 
8/21/17,"$1,743,909,693 ",$322.20 
8/20/17,"$342,822,962 ",$295.17 
8/19/17,"$553,702,157 ",$296.62 
8/18/17,"$590,470,399 ",$296.11 
8/17/17,"$641,280,745 ",$300.57 
8/16/17,"$640,592,817 ",$300.04 
8/15/17,"$526,951,176 ",$288.45 
8/14/17,"$384,478,727 ",$296.40 
8/13/17,"$689,079,790 ",$297.16 
8/12/17,"$485,474,525 ",$308.63 
8/11/17,"$411,643,040 ",$306.83 
8/10/17,"$448,574,817 ",$296.78 
8/9/17,"$1,197,172,634 ",$297.07 
8/8/17,"$678,573,131 ",$295.15 
8/7/17,"$435,385,634 ",$268.50 
8/6/17,"$640,103,600 ",$263.22 
8/5/17,"$615,120,367 ",$253.16 
8/4/17,"$203,505,640 ",$221.67 
8/3/17,"$229,219,666 ",$224.87 
8/2/17,"$310,747,316 ",$219.06 
8/1/17,"$794,803,694 ",$227.08 
7/31/17,"$256,040,955 ",$203.29 
7/30/17,"$278,403,491 ",$197.20 
7/29/17,"$420,378,364 ",$205.51 
7/28/17,"$312,701,504 ",$192.59 
7/27/17,"$155,763,233 ",$203.19 
7/26/17,"$291,270,681 ",$200.33 
7/25/17,"$358,021,109 ",$206.81 
7/24/17,"$144,284,204 ",$224.91 
7/23/17,"$204,467,774 ",$226.72 
7/22/17,"$229,970,083 ",$231.14 
7/21/17,"$390,393,974 ",$217.09 
7/20/17,"$731,711,070 ",$223.46 
7/19/17,"$769,335,320 ",$199.59 
7/18/17,"$979,531,260 ",$228.50 
7/17/17,"$527,360,935 ",$188.35 
7/16/17,"$594,995,540 ",$156.47 
7/15/17,"$245,487,303 ",$171.78 
7/14/17,"$282,809,497 ",$197.97 
7/13/17,"$311,100,836 ",$206.41 
7/12/17,"$480,090,644 ",$222.14 
7/11/17,"$628,400,853 ",$194.33 
7/10/17,"$411,832,452 ",$210.53 
7/9/17,"$126,590,931 ",$238.75 
7/8/17,"$237,052,454 ",$246.21 
7/7/17,"$257,098,223 ",$241.48 
7/6/17,"$182,999,371 ",$267.47 
7/5/17,"$269,182,918 ",$265.94 
7/4/17,"$239,212,708 ",$269.74 
7/3/17,"$244,798,911 ",$278.60 
7/2/17,"$352,969,410 ",$286.13 
7/1/17,"$364,629,592 ",$262.48 
6/30/17,"$359,285,362 ",$284.69 
6/29/17,"$467,820,574 ",$300.18 
6/28/17,"$735,209,015 ",$317.29 
6/27/17,"$739,337,522 ",$280.81 
6/26/17,"$892,409,899 ",$258.92 
6/25/17,"$492,617,160 ",$288.05 
6/24/17,"$216,259,454 ",$310.05 
6/23/17,"$217,363,813 ",$331.91 
6/22/17,"$373,363,642 ",$326.96 
6/21/17,"$719,062,539 ",$327.89 
6/20/17,"$517,663,237 ",$358.05 
6/19/17,"$255,793,325 ",$362.04 
6/18/17,"$315,402,069 ",$359.44 
6/17/17,"$299,739,758 ",$372.36 
6/16/17,"$404,203,523 ",$358.28 
6/15/17,"$1,019,438,927 ",$346.37 
6/14/17,"$564,686,367 ",$347.78 
6/13/17,"$735,420,495 ",$389.94 
6/12/17,"$1,421,483,466 ",$398.43 
6/11/17,"$636,143,278 ",$341.08 
6/10/17,"$801,852,631 ",$337.79 
6/9/17,"$268,066,730 ",$280.33 
6/8/17,"$181,079,370 ",$260.34 
6/7/17,"$231,988,782 ",$256.22 
6/6/17,"$421,823,673 ",$266.14 
6/5/17,"$233,840,017 ",$248.93 
6/4/17,"$405,540,899 ",$247.43 
6/3/17,"$199,543,170 ",$225.40 
6/2/17,"$226,780,301 ",$224.32 
6/1/17,"$438,784,643 ",$221.83 
5/31/17,"$649,753,307 ",$231.37 
5/30/17,"$820,279,582 ",$230.80 
5/29/17,"$317,142,763 ",$196.08 
5/28/17,"$275,566,687 ",$172.34 
5/27/17,"$524,489,554 ",$159.06 
5/26/17,"$320,845,434 ",$162.94 
5/25/17,"$455,310,602 ",$176.82 
5/24/17,"$465,231,567 ",$190.43 
5/23/17,"$314,107,905 ",$171.08 
5/22/17,"$733,476,989 ",$153.99 
5/21/17,"$362,117,265 ",$148.66 
5/20/17,"$211,606,741 ",$123.03 
5/19/17,"$380,753,404 ",$122.16 
5/18/17,"$148,398,963 ",$96.63 
5/17/17,"$116,563,052 ",$88.21 
5/16/17,"$96,955,301 ",$87.09 
5/15/17,"$118,176,219 ",$90.50 
5/14/17,"$48,280,691 ",$90.06 
5/13/17,"$59,897,616 ",$89.14 
5/12/17,"$90,420,898 ",$88.18 
5/11/17,"$94,641,973 ",$88.46 
5/10/17,"$109,313,276 ",$88.41 
5/9/17,"$258,922,158 ",$87.50 
5/8/17,"$166,178,761 ",$87.95 
5/7/17,"$109,489,064 ",$89.74 
5/6/17,"$95,042,530 ",$96.43 
5/5/17,"$233,798,440 ",$91.16 
5/4/17,"$269,928,949 ",$94.11 
5/3/17,"$115,183,975 ",$80.93 
5/2/17,"$138,794,895 ",$77.35 
5/1/17,"$290,126,273 ",$76.85 
4/30/17,"$173,218,958 ",$79.80 
4/29/17,"$126,594,019 ",$70.45 
4/28/17,"$270,510,185 ",$73.01 
4/27/17,"$186,806,133 ",$63.96 
4/26/17,"$90,529,457 ",$54.88 
4/25/17,"$29,265,025 ",$50.97 
4/24/17,"$41,775,082 ",$51.10 
4/23/17,"$29,345,870 ",$50.61 
4/22/17,"$25,473,890 ",$49.08 
4/21/17,"$29,790,338 ",$48.80 
4/20/17,"$51,865,276 ",$50.07 
4/19/17,"$49,801,919 ",$48.16 
4/18/17,"$46,490,458 ",$50.76 
4/17/17,"$29,334,200 ",$48.35 
4/16/17,"$18,940,688 ",$48.71 
4/15/17,"$44,031,479 ",$49.12 
4/14/17,"$57,312,862 ",$47.56 
4/13/17,"$105,834,573 ",$49.75 
4/12/17,"$64,060,330 ",$46.20 
4/11/17,"$24,362,780 ",$43.86 
4/10/17,"$30,011,147 ",$43.91 
4/9/17,"$23,843,828 ",$44.19 
4/8/17,"$47,830,509 ",$44.50 
4/7/17,"$45,710,556 ",$42.40 
4/6/17,"$83,596,063 ",$42.98 
4/5/17,"$77,394,936 ",$45.59 
4/4/17,"$94,009,510 ",$41.80 
4/3/17,"$107,658,223 ",$43.58 
4/2/17,"$86,493,796 ",$48.38 
4/1/17,"$57,319,943 ",$50.43 
3/31/17,"$93,559,373 ",$49.96 
3/30/17,"$51,703,487 ",$52.31 
3/29/17,"$94,092,095 ",$52.84 
3/28/17,"$63,445,925 ",$50.26 
3/27/17,"$72,421,320 ",$49.02 
3/26/17,"$85,306,683 ",$50.05 
3/25/17,"$161,617,495 ",$50.68 
3/24/17,"$186,199,955 ",$50.89 
3/23/17,"$64,280,705 ",$43.27 
3/22/17,"$66,568,697 ",$41.26 
3/21/17,"$59,182,512 ",$42.48 
3/20/17,"$100,344,408 ",$41.86 
3/19/17,"$151,889,493 ",$44.09 
3/18/17,"$151,727,340 ",$32.27 
3/17/17,"$334,923,529 ",$44.07 
3/16/17,"$278,693,085 ",$39.86 
3/15/17,"$116,848,019 ",$34.20 
3/14/17,"$70,373,910 ",$28.54 
3/13/17,"$171,741,714 ",$28.45 
3/12/17,"$49,928,739 ",$23.10 
3/11/17,"$49,677,900 ",$21.40 
3/10/17,"$57,671,667 ",$19.26 
3/9/17,"$19,983,778 ",$17.63 
3/8/17,"$25,853,720 ",$16.75 
3/7/17,"$22,162,503 ",$18.83 
3/6/17,"$19,157,704 ",$19.67 
3/5/17,"$16,685,231 ",$19.25 
3/4/17,"$17,012,295 ",$18.64 
3/3/17,"$63,619,640 ",$19.59 
3/2/17,"$63,520,414 ",$18.99 
3/1/17,"$26,801,193 ",$17.17 
2/28/17,"$43,441,932 ",$15.70 
2/27/17,"$20,501,520 ",$15.36 
2/26/17,"$13,782,004 ",$14.55 
2/25/17,"$12,468,243 ",$13.55 
2/24/17,"$13,610,110 ",$13.07 
2/23/17,"$8,909,150 ",$13.16 
2/22/17,"$6,874,100 ",$12.60 
2/21/17,"$12,724,890 ",$12.74 
2/20/17,"$6,982,639 ",$12.75 
2/19/17,"$5,083,526 ",$12.78 
2/18/17,"$5,979,769 ",$12.82 
2/17/17,"$7,412,008 ",$12.70 
2/16/17,"$10,436,345 ",$12.84 
2/15/17,"$12,601,119 ",$12.93 
2/14/17,"$31,343,305 ",$12.97 
2/13/17,"$4,407,683 ",$11.28 
2/12/17,"$4,159,375 ",$11.35 
2/11/17,"$5,365,545 ",$11.40 
2/10/17,"$8,465,561 ",$11.28 
2/9/17,"$13,014,115 ",$10.91 
2/8/17,"$6,195,999 ",$11.34 
2/7/17,"$4,749,525 ",$11.43 
2/6/17,"$4,068,555 ",$11.29 
2/5/17,"$3,675,288 ",$11.24 
2/4/17,"$10,294,012 ",$11.33 
2/3/17,"$8,348,606 ",$10.94 
2/2/17,"$6,770,262 ",$10.81 
2/1/17,"$9,511,590 ",$10.70 
1/31/17,"$8,686,039 ",$10.68 
1/30/17,"$5,394,044 ",$10.57 
1/29/17,"$3,291,647 ",$10.43 
1/28/17,"$5,053,699 ",$10.55 
1/27/17,"$5,497,368 ",$10.51 
1/26/17,"$6,557,327 ",$10.56 
1/25/17,"$5,749,424 ",$10.47 
1/24/17,"$5,709,572 ",$10.40 
1/23/17,"$5,620,391 ",$10.75 
1/22/17,"$5,158,451 ",$10.75 
1/21/17,"$8,840,651 ",$10.87 
1/20/17,"$7,935,034 ",$10.55 
1/19/17,"$6,357,102 ",$10.39 
1/18/17,"$8,053,531 ",$10.13 
1/17/17,"$14,660,003 ",$10.26 
1/16/17,"$5,886,593 ",$9.52 
1/15/17,"$4,332,221 ",$9.79 
1/14/17,"$4,879,178 ",$9.70 
1/13/17,"$7,919,565 ",$9.65 
1/12/17,"$10,113,120 ",$9.67 
1/11/17,"$15,650,726 ",$9.66 
1/10/17,"$8,483,904 ",$10.52 
1/9/17,"$18,147,872 ",$10.29 
1/8/17,"$9,726,315 ",$10.27 
1/7/17,"$15,178,458 ",$9.82 
1/6/17,"$23,015,612 ",$10.15 
1/5/17,"$31,832,239 ",$10.12 
1/4/17,"$30,283,873 ",$10.97 
1/3/17,"$24,617,090 ",$9.63 
1/2/17,"$8,192,075 ",$8.36 
1/1/17,"$7,811,699 ",$8.06 